Residues,10.02s,1500s,300s,60s,86400s,9000s
1,0.324,0.846,0.629,0.51,0.014,0.97
2,0.545,0.926,0.834,0.745,0.012,0.984
3,0.624,0.957,0.9,0.827,0.01,0.99
4,0.624,0.957,0.9,0.827,0.01,0.99
5,0.662,0.973,0.958,0.892,0.007,0.993
6,0.662,0.973,0.958,0.892,0.007,0.993
7,0.662,0.973,0.958,0.892,0.007,0.993
8,0.662,0.973,0.958,0.892,0.007,0.993
9,0.594,0.979,0.955,0.855,0.006,0.997
10,0.594,0.979,0.955,0.855,0.006,0.997
11,0.562,0.979,0.938,0.825,0.007,0.997
12,0.273,0.993,0.914,0.616,0.004,1.015
13,0.273,0.993,0.914,0.616,0.004,1.015
14,0.273,0.993,0.914,0.616,0.004,1.015
15,0.267,0.994,0.885,0.561,0.004,1.019
16,0.267,0.994,0.885,0.561,0.004,1.019
17,0.414,0.991,0.919,0.667,0.003,1.007
18,0.447,0.989,0.919,0.686,0.003,1.008
19,0.472,0.99,0.926,0.707,-0.001,1.007
20,0.472,0.99,0.926,0.707,-0.001,1.007
21,0.555,0.985,0.95,0.788,-0.055,0.998
22,0.667,0.988,0.987,0.886,-0.038,0.996
23,0.71,0.993,0.998,0.917,-0.04,0.999
24,0.749,0.992,1.005,0.944,-0.026,1.001
25,0.749,0.992,1.005,0.944,-0.026,1.001
26,0.749,0.992,1.005,0.944,-0.026,1.001
27,0.738,0.99,0.997,0.928,-0.026,1.005
28,0.738,0.99,0.997,0.928,-0.026,1.005
29,0.738,0.99,0.997,0.928,-0.026,1.005
30,0.733,0.99,0.996,0.922,-0.034,1.007
31,0.733,0.99,0.996,0.922,-0.034,1.007
32,0.733,0.99,0.996,0.922,-0.034,1.007
33,0.717,0.991,0.992,0.915,-0.043,1.004
34,0.144,0.982,0.871,0.485,0.003,0.988
35,0.144,0.982,0.871,0.485,0.003,0.988
36,0.144,0.982,0.871,0.485,0.003,0.988
37,0.46,0.995,0.953,0.717,-0.031,0.99
38,0.518,0.993,0.963,0.754,-0.001,0.992
39,0.652,0.996,0.99,0.836,0,0.995
40,0.669,0.993,0.988,0.845,0.002,0.996
41,0.669,0.993,0.988,0.845,0.002,0.996
42,0.669,0.993,0.988,0.845,0.002,0.996
43,0.669,0.993,0.988,0.845,0.002,0.996
44,0.669,0.993,0.988,0.845,0.002,0.996
45,0.669,0.993,0.988,0.845,0.002,0.996
46,0.669,0.993,0.988,0.845,0.002,0.996
47,0.669,0.993,0.988,0.845,0.002,0.996
48,0.663,0.987,0.984,0.839,0.001,0.999
49,0.626,0.982,0.983,0.835,-0.012,0.997
50,0.626,0.982,0.983,0.835,-0.012,0.997
51,0.425,0.985,0.926,0.679,0.024,0.995
52,0.246,0.962,0.838,0.521,0.006,0.989
53,0.246,0.962,0.838,0.521,0.006,0.989
54,0.246,0.962,0.838,0.521,0.006,0.989
55,0.246,0.962,0.838,0.521,0.006,0.989
56,0.246,0.962,0.838,0.521,0.006,0.989
57,0.246,0.962,0.838,0.521,0.006,0.989
58,0.957,0.993,1.016,0.98,-0.02,1.001
59,0.957,0.993,1.016,0.98,-0.02,1.001
60,0.957,0.993,1.016,0.98,-0.02,1.001
61,0.957,0.993,1.016,0.98,-0.02,1.001
62,0.957,0.993,1.016,0.98,-0.02,1.001
63,0.957,0.993,1.016,0.98,-0.02,1.001
64,0.985,0.995,1.016,0.992,-0.03,1.002
65,0.985,0.995,1.016,0.992,-0.03,1.002
66,0.989,0.996,1.015,0.993,-0.032,1.002
67,0.989,0.996,1.015,0.993,-0.032,1.002
68,0.989,0.996,1.015,0.993,-0.032,1.002
69,0.989,0.996,1.015,0.993,-0.032,1.002
70,0.989,0.996,1.015,0.993,-0.032,1.002
71,0.989,0.996,1.015,0.993,-0.032,1.002
72,0.989,0.996,1.015,0.993,-0.032,1.002
73,0.989,0.996,1.015,0.993,-0.032,1.002
74,0.998,0.995,1.015,0.995,-0.02,0.997
75,0.998,0.995,1.015,0.995,-0.02,0.997
76,0.998,0.995,1.015,0.995,-0.02,0.997
77,0.998,0.995,1.015,0.995,-0.02,0.997
78,0.998,0.995,1.015,0.995,-0.02,0.997
79,1.002,0.995,1.014,0.996,-0.011,0.996
80,1.002,0.995,1.014,0.996,-0.011,0.996
81,1.002,0.995,1.014,0.996,-0.011,0.996
82,1.002,0.995,1.014,0.996,-0.011,0.996
83,0.998,0.993,1.01,0.987,0.001,0.989
84,0.998,0.993,1.01,0.987,0.001,0.989
85,1.003,0.984,1.01,0.958,-0.017,0.997
86,1.004,0.981,1.011,0.959,-0.02,0.996
87,1.004,0.981,1.011,0.959,-0.02,0.996
88,1.004,0.981,1.011,0.959,-0.02,0.996
89,1.004,0.981,1.011,0.959,-0.02,0.996
90,1.004,0.981,1.011,0.959,-0.02,0.996
91,1.004,0.981,1.011,0.959,-0.02,0.996
92,1.004,0.981,1.011,0.959,-0.02,0.996
93,1.004,0.981,1.011,0.959,-0.02,0.996
94,1.004,0.981,1.011,0.959,-0.02,0.996
95,1.004,0.981,1.011,0.959,-0.02,0.996
96,1.004,0.981,1.011,0.959,-0.02,0.996
97,0.986,0.969,1.009,0.976,-0.008,0.99
98,0.986,0.969,1.009,0.976,-0.008,0.99
99,0.986,0.969,1.009,0.976,-0.008,0.99
100,0.986,0.969,1.009,0.976,-0.008,0.99
101,0.986,0.969,1.009,0.976,-0.008,0.99
102,0.99,0.979,1.01,0.987,-0.004,0.989
103,0.993,0.975,1.013,0.976,-0.002,0.989
104,0.993,0.975,1.013,0.976,-0.002,0.989
105,0.993,0.975,1.013,0.976,-0.002,0.989
106,0.993,0.975,1.013,0.976,-0.002,0.989
107,0.992,0.978,1.013,0.978,-0.004,0.991
108,0.963,0.987,1.013,0.981,-0.015,1.001
109,0.963,0.987,1.013,0.981,-0.015,1.001
110,0.963,0.987,1.013,0.981,-0.015,1.001
111,0.963,0.987,1.013,0.981,-0.015,1.001
112,0.963,0.987,1.013,0.981,-0.015,1.001
113,0.963,0.987,1.013,0.981,-0.015,1.001
114,0.963,0.987,1.013,0.981,-0.015,1.001
115,0.963,0.987,1.013,0.981,-0.015,1.001
116,0.963,0.987,1.013,0.981,-0.015,1.001
117,0.963,0.987,1.013,0.981,-0.015,1.001
118,0.963,0.987,1.013,0.981,-0.015,1.001
119,0.963,0.987,1.013,0.981,-0.015,1.001
120,0.966,0.989,1.016,0.983,-0.015,1.003
121,0.967,0.99,1.016,0.985,-0.015,1.005
122,0.967,0.99,1.016,0.985,-0.015,1.005
123,0.985,0.989,1.015,0.983,-0.144,1.001
124,0.985,0.989,1.015,0.983,-0.144,1.001
125,1.004,0.985,1.011,0.986,-0.125,0.991
126,1.004,0.985,1.011,0.986,-0.125,0.991
127,1.004,0.985,1.011,0.986,-0.125,0.991
128,1.004,0.985,1.011,0.986,-0.125,0.991
129,1.004,0.985,1.011,0.986,-0.125,0.991
130,1.004,0.985,1.011,0.986,-0.125,0.991
131,1.004,0.985,1.011,0.986,-0.125,0.991
132,1.004,0.985,1.011,0.986,-0.125,0.991
133,1.004,0.985,1.011,0.986,-0.125,0.991
134,1.004,0.985,1.011,0.986,-0.125,0.991
135,1.004,0.985,1.011,0.986,-0.125,0.991
136,0.271,0.783,0.578,0.446,0.006,0.985
137,0.286,0.801,0.601,0.473,0.005,0.986
138,0.286,0.801,0.601,0.473,0.005,0.986
139,0.286,0.801,0.601,0.473,0.005,0.986
140,0.286,0.801,0.601,0.473,0.005,0.986
141,0.286,0.801,0.601,0.473,0.005,0.986
142,0.286,0.801,0.601,0.473,0.005,0.986
143,0.253,0.649,0.462,0.379,0.016,0.945
144,0.306,0.648,0.506,0.431,0.029,0.939
145,0.306,0.648,0.506,0.431,0.029,0.939
146,0.306,0.648,0.506,0.431,0.029,0.939
147,0.306,0.648,0.506,0.431,0.029,0.939
148,0.306,0.648,0.506,0.431,0.029,0.939
149,0.306,0.648,0.506,0.431,0.029,0.939
150,0.306,0.648,0.506,0.431,0.029,0.939
151,0.376,0.719,0.63,0.527,0.045,0.959
152,0.376,0.719,0.63,0.527,0.045,0.959
153,0.376,0.719,0.63,0.527,0.045,0.959
154,0.18,0.628,0.381,0.283,0.02,0.961
155,0.028,0.473,0.158,0.079,0.004,0.948
156,0.028,0.473,0.158,0.079,0.004,0.948
157,0.028,0.473,0.158,0.079,0.004,0.948
158,0.028,0.473,0.158,0.079,0.004,0.948
159,0.028,0.473,0.158,0.079,0.004,0.948
160,0.37,0.826,0.595,0.505,0.005,0.994
161,0.403,0.839,0.621,0.532,0.002,0.994
162,0.403,0.839,0.621,0.532,0.002,0.994
163,0.45,0.857,0.674,0.587,-0.031,0.992
164,0.45,0.857,0.674,0.587,-0.031,0.992
165,0.45,0.857,0.674,0.587,-0.031,0.992
166,0.45,0.86,0.676,0.587,-0.03,0.993
167,0.493,0.871,0.716,0.624,-0.03,0.988
168,0.493,0.871,0.716,0.624,-0.03,0.988
169,0.494,0.876,0.724,0.628,-0.016,0.984
170,0.468,0.871,0.716,0.606,-0.03,0.979
171,0.468,0.871,0.716,0.606,-0.03,0.979
172,0.468,0.871,0.716,0.606,-0.03,0.979
173,0.468,0.871,0.716,0.606,-0.03,0.979
174,0.468,0.871,0.716,0.606,-0.03,0.979
175,0.467,0.88,0.715,0.606,-0.037,0.982
176,0.467,0.88,0.715,0.606,-0.037,0.982
177,0.378,0.866,0.642,0.505,-0.001,0.987
178,0.378,0.866,0.642,0.505,-0.001,0.987
179,0.378,0.866,0.642,0.505,-0.001,0.987
180,0.378,0.866,0.642,0.505,-0.001,0.987
181,0.378,0.866,0.642,0.505,-0.001,0.987
182,0.359,0.856,0.613,0.475,-0.044,0.989
183,0.337,0.857,0.595,0.455,-0.043,0.991
184,0.337,0.857,0.595,0.455,-0.043,0.991
185,0.205,0.813,0.436,0.29,-0.021,0.993
186,0.171,0.799,0.398,0.248,-0.022,0.992
187,0.171,0.799,0.398,0.248,-0.022,0.992
188,0.171,0.799,0.398,0.248,-0.022,0.992
189,0.171,0.799,0.398,0.248,-0.022,0.992
190,0.239,0.814,0.489,0.326,0.053,0.99
191,0.4,0.887,0.733,0.521,-0.029,0.992
192,0.4,0.887,0.733,0.521,-0.029,0.992
193,0.4,0.887,0.733,0.521,-0.029,0.992
194,0.446,0.919,0.786,0.573,-0.015,0.994
195,0.49,0.932,0.818,0.617,-0.008,0.996
196,0.49,0.932,0.818,0.617,-0.008,0.996
197,0.522,0.93,0.817,0.635,-0.006,0.997
198,0.522,0.93,0.817,0.635,-0.006,0.997
199,0.522,0.93,0.817,0.635,-0.006,0.997
200,0.522,0.93,0.817,0.635,-0.006,0.997
201,0.522,0.93,0.817,0.635,-0.006,0.997
202,0.305,0.844,0.557,0.392,-0.011,0.989
203,0.045,0.746,0.271,0.116,-0.046,0.987
204,0.02,0.73,0.229,0.082,0.006,0.991
205,0.018,0.736,0.224,0.079,0.006,0.988
206,0.018,0.736,0.224,0.079,0.006,0.988
207,0.018,0.736,0.224,0.079,0.006,0.988
208,0.015,0.736,0.214,0.076,0.006,0.989
209,0.035,0.744,0.248,0.107,0.007,0.988
210,0.115,0.787,0.41,0.254,0.01,0.979
211,0.13,0.782,0.433,0.286,0.008,0.98
212,0.132,0.802,0.445,0.295,0.008,0.987
213,0.132,0.802,0.445,0.295,0.008,0.987
214,0.132,0.802,0.445,0.295,0.008,0.987
215,0.132,0.802,0.445,0.295,0.008,0.987
216,0.132,0.802,0.445,0.295,0.008,0.987
217,0.248,0.868,0.563,0.415,0.006,0.996
218,0.357,0.896,0.66,0.524,0.006,0.995
219,0.418,0.925,0.735,0.609,0.002,1.004
220,0.418,0.925,0.735,0.609,0.002,1.004
221,0.418,0.925,0.735,0.609,0.002,1.004
